model,poverty,.
pope,-0.01392692608079571,-1
francis,0.26924224836885946,-1
will,-1,-1
go,0.33283902346043526,-1
to,-1,-1
africa,0.38458739780227513,-1
for,-1,-1
the,-1,-1
first,-1,-1
time,-1,-1
this,-1,-1
week,0.26798396264390645,-1
visiting,0.2571610124746063,-1
a,-1,-1
refugee,0.4737727598422953,-1
camp,0.4903915470092368,-1
a,-1,-1
slum,0.282613325060628,-1
and,-1,-1
a,-1,-1
mosque,0.19939296589226463,-1
.,-1,-1
