model,premiership,.
match,0.5488963574092416,-1
reports,0.13624990941606352,-1
from,-1,-1
saturday,0.5372835600244685,-1
's,-1,-1
scottish,0.6803425261141727,-1
premiership,1.0,-1
and,-1,-1
championship,0.884683576274949,-1
games,0.5529961104785975,-1
.,-1,-1
