model,sunday,'s,premiership,.
match,0.6661396220866442,-1,0.5488963574092416,-1
reports,0.582442205420735,-1,0.13624990941606352,-1
from,-1,-1,-1,-1
saturday,0.9282714224628698,-1,0.5372835600244685,-1
's,-1,-1,-1,-1
scottish,0.42078616869152663,-1,0.6803425261141727,-1
premiership,0.4715989164008134,-1,1.0,-1
and,-1,-1,-1,-1
championship,0.5846870231287917,-1,0.884683576274949,-1
games,0.46811948281415994,-1,0.5529961104785975,-1
.,-1,-1,-1,-1
