model,championship,.
match,0.6608315231342472,-1
reports,0.18732811251793013,-1
from,-1,-1
saturday,0.6377256676351,-1
's,-1,-1
scottish,0.6318512031565096,-1
premiership,0.884683576274949,-1
and,-1,-1
championship,1.0,-1
games,0.6579986227304806,-1
.,-1,-1
