model,rip,.
john,0.13046711988498116,-1
``,-1,-1
brad,0.026929323614751755,-1
'',-1,-1
bradbury,0.1450793708409608,-1
drummer,0.32838190137449663,-1
with,-1,-1
the,-1,-1
specials,0.07317244015548718,-1
has,-1,-1
died,0.0699444732836012,-1
at,-1,-1
the,-1,-1
age,0.14213051101261331,-1
of,-1,-1
62,0.06270532079411884,-1
.,-1,-1
